<?xml version="1.0" encoding="UTF-8" standalone="yes"?>
<addon id="repo.ems" name="EMs_Repo" version="1.0" provider-name="Emmbruhhh">
    <extension point="xbmc.addon.repository" name="Emmbruhhh's Repo">
        <dir>
            <info compressed="false">https://raw.githubusercontent.com/emmbruhhh/ems/main/repo/zips/addons.xml</info>
            <checksum>https://raw.githubusercontent.com/Yemmbruhhh/ems/main/repo/zips/addons.xml.md5</checksum>
            <datadir zip="true">https://raw.githubusercontent.com/emmbruhhh/ems/main/repo/zips/</datadir>
        </dir>
    </extension>
    <extension point="xbmc.addon.metadata">
        <summary>Emmbruhhh's Repo</summary>
        <description>DESCRIPTION OF YOUR REPO HERE</description>
        <disclaimer></disclaimer>
        <platform>all</platform>
        <assets>
            <icon>icon.png</icon>
            <fanart>fanart.jpg</fanart>
        </assets>
    </extension>
</addon>